date,dioxane_3310,dioxane_3320,dioxane_3340,removal_3310_3340,field_conductivity_3310,field_conductivity_3340,field_nitrogen_ammonia_3310,pH_3310,pH_3320,pH_3340,temp_3310,temp_3320,field_total_suspended_solids_3310,field_total_suspended_solids_3340,sr_11_chloroeicosafluoro_3_oxaundecane_1_sulfonic_acid_3310,sr_1_1_1_2_tetrachloroethane_3310,sr_1_1_1_2_tetrachloroethane_3340,sr_1_1_1_trichloroethane_3310,sr_1_1_1_trichloroethane_3320,sr_1_1_1_trichloroethane_3340,sr_1_1_2_2_tetrachloroethane_3310,sr_1_1_2_2_tetrachloroethane_3340,sr_1_1_2_trichloro_1_2_2_trifluoroethane_3310,sr_1_1_2_trichloro_1_2_2_trifluoroethane_3340,sr_1_1_2_trichloroethane_3310,sr_1_1_2_trichloroethane_3340,sr_1_1_dichloroethane_3310,sr_1_1_dichloroethane_3320,sr_1_1_dichloroethane_3340,sr_1_1_dichloroethene_3310,sr_1_1_dichloroethene_3320,sr_1_1_dichloroethene_3340,sr_1_1_dichloropropene_3310,sr_1_1_dichloropropene_3340,sr_1_2_3_trichlorobenzene_3310,sr_1_2_3_trichlorobenzene_3340,sr_1_2_3_trichloropropane_3310,sr_1_2_3_trichloropropane_3340,sr_1_2_3_trimethylbenzene_3310,sr_1_2_4_trichlorobenzene_3310,sr_1_2_4_trichlorobenzene_3340,sr_1_2_4_trimethylbenzene_3310,sr_1_2_4_trimethylbenzene_3340,sr_1_2_dibromo_3_chloropropane_3310,sr_1_2_dibromo_3_chloropropane_3340,sr_1_2_dibromoethane_3310,sr_1_2_dibromoethane_3340,sr_1_2_dichloro_1_1_2_trifluoroethane_3310,sr_1_2_dichlorobenzene_3310,sr_1_2_dichlorobenzene_3340,sr_1_2_dichloroethane_3310,sr_1_2_dichloroethane_3320,sr_1_2_dichloroethane_3340,sr_1_2_dichloroethene_3310,sr_1_2_dichloroethene_3340,sr_1_2_dichloropropane_3310,sr_1_2_dichloropropane_3340,sr_1_3_5_trichlorobenzene_3310,sr_1_3_5_trimethylbenzene_3310,sr_1_3_5_trimethylbenzene_3340,sr_1_3_dichlorobenzene_3310,sr_1_3_dichlorobenzene_3340,sr_1_3_dichloropropane_3310,sr_1_3_dichloropropane_3340,sr_1_3_dichloropropene_3310,sr_1_4_dichlorobenzene_3310,sr_1_4_dichlorobenzene_3340,sr_1_chlorohexane_3310,sr_1_chlorohexane_3340,sr_1h_1h_2h_2h_perfluorodecane_sulfonic_acid_3310,sr_1h_1h_2h_2h_perfluorohexane_sulfonic_acid_3310,sr_1h_1h_2h_2h_perfluorooctane_sulfonic_acid_3310,sr_2_2_dichloropropane_3310,sr_2_2_dichloropropane_3340,sr_2_butanone_mek_3310,sr_2_butanone_mek_3340,sr_2_chloro_1_3_butadiene_3310,sr_2_chloro_1_3_butadiene_3340,sr_2_chloroethylvinylether_3310,sr_2_chloroethylvinylether_3340,sr_2_chlorotoluene_3310,sr_2_chlorotoluene_3340,sr_2_ethylhexyl_ester_acetic_acid_3310,sr_2_ethyltoluene_3310,sr_2_hexanone_3310,sr_2_hexanone_3340,sr_2_nitropropane_3310,sr_2_nitropropane_3340,sr_2_propanol_3310,sr_3_chloropropene_3310,sr_3_chloropropene_3340,sr_3_perfluoroheptylpropanoic_acid_3310,sr_3_perfluoropentylpropanoic_acid_3310,sr_3_perfluoropropylpropanoic_acid_3310,sr_4_8_dioxa_3h_perfluorononanoic_acid_3310,sr_4_chlorotoluene_3310,sr_4_chlorotoluene_3340,sr_4_isopropyltoluene_3310,sr_4_isopropyltoluene_3340,sr_4_methyl_2_pentanone_mibk_3310,sr_4_methyl_2_pentanone_mibk_3340,sr_9_chlorohexadecafluoro_3_oxanonane_1_sulfonic_acid_3310,sr_acetone_3310,sr_acetone_3340,sr_acetonitrile_3310,sr_acetonitrile_3340,sr_acrolein_3310,sr_acrolein_3340,sr_acrylonitrile_3310,sr_acrylonitrile_3340,sr_aluminum_3310,sr_aluminum_3340,sr_antimony_3310,sr_antimony_3340,sr_arsenic_3310,sr_arsenic_3340,sr_barium_3310,sr_barium_3340,sr_benzene_1_3_5_trimethyl_3310,sr_benzene_3310,sr_benzene_3320,sr_benzene_3340,sr_beryllium_3310,sr_beryllium_3340,sr_bromobenzene_3310,sr_bromobenzene_3340,sr_bromochloromethane_3310,sr_bromochloromethane_3340,sr_bromodichloromethane_3310,sr_bromodichloromethane_3340,sr_bromoform_3310,sr_bromoform_3340,sr_bromomethane_3310,sr_bromomethane_3340,sr_cadmium_3310,sr_cadmium_3340,sr_calcium_3310,sr_calcium_3340,sr_carbon_disulfide_3310,sr_carbon_disulfide_3340,sr_carbon_tetrachloride_3310,sr_carbon_tetrachloride_3340,sr_chloride_3310,sr_chlorobenzene_3310,sr_chlorobenzene_3340,sr_chloroethane_3310,sr_chloroethane_3340,sr_chloroform_3310,sr_chloroform_3320,sr_chloroform_3340,sr_chloromethane_3310,sr_chloromethane_3340,sr_chromium_3310,sr_chromium_3340,sr_cis_1_2_dichloroethene_3310,sr_cis_1_2_dichloroethene_3320,sr_cis_1_2_dichloroethene_3340,sr_cis_1_3_dichloropropene_3310,sr_cis_1_3_dichloropropene_3340,sr_cobalt_3310,sr_cobalt_3340,sr_copper_3310,sr_copper_3340,sr_cyanide_3310,sr_cyclohexane_3310,sr_cyclohexane_3340,sr_cyclohexanone_3310,sr_cyclohexanone_3340,sr_dibromochloromethane_3310,sr_dibromochloromethane_3340,sr_dibromomethane_3310,sr_dibromomethane_3340,sr_dichlorodifluoromethane_3310,sr_dichlorodifluoromethane_3340,sr_dichlorofluoromethane_3310,sr_dichlorofluoromethane_3340,sr_dissolved_phosphorus_3340,sr_ethanol_3310,sr_ethanol_3340,sr_ethyl_acetate_3310,sr_ethyl_acetate_3340,sr_ethyl_ether_3310,sr_ethyl_ether_3320,sr_ethyl_ether_3340,sr_ethyl_methacrylate_3310,sr_ethyl_methacrylate_3340,sr_ethylbenzene_3310,sr_ethylbenzene_3340,sr_hexachlorobutadiene_3310,sr_hexachlorobutadiene_3340,sr_hexafluoropropylene_oxide_dimer_acid_3310,sr_hexamethyl_cyclotrisiloxane_3310,sr_hexane_3310,sr_hexane_3340,sr_iodomethane_3310,sr_iodomethane_3340,sr_iron_3310,sr_iron_3340,sr_isobutyl_alcohol_3310,sr_isobutyl_alcohol_3340,sr_isopropyl_alcohol_3310,sr_isopropyl_ether_3310,sr_isopropyl_ether_3340,sr_isopropylbenzene_3310,sr_isopropylbenzene_3340,sr_lead_3310,sr_lead_3340,sr_m_xylene_p_xylene_3310,sr_m_xylene_p_xylene_3340,sr_magnesium_3310,sr_magnesium_3340,sr_manganese_3310,sr_manganese_3340,sr_mercury_3310,sr_mercury_3340,sr_methacrylonitrile_3310,sr_methacrylonitrile_3340,sr_methyl_cyclohexane_3310,sr_methyl_ester_acetic_acid_3310,sr_methyl_methacrylate_3310,sr_methyl_methacrylate_3340,sr_methyl_t_butyl_ether_3310,sr_methyl_t_butyl_ether_3340,sr_methylene_chloride_3310,sr_methylene_chloride_3320,sr_methylene_chloride_3340,sr_molybdenum_3310,sr_molybdenum_3340,sr_n_butyl_alcohol_3310,sr_n_butyl_alcohol_3340,sr_n_butylbenzene_3310,sr_n_butylbenzene_3340,sr_n_ethylperfluorooctane_sulfonamide_3310,sr_n_ethylperfluorooctane_sulfonamidoethanol_3310,sr_n_ethylperfluorooctanesulfonamidoacetic_acid_3310,sr_n_methylperfluorooctane_sulfonamide_3310,sr_n_methylperfluorooctane_sulfonamidoethanol_3310,sr_n_methylperfluorooctanesulfonamidoacetic_acid_3310,sr_n_propylbenzene_3310,sr_n_propylbenzene_3340,sr_naphthalene_3310,sr_naphthalene_3340,sr_nickel_3310,sr_nickel_3340,sr_nitrogen_nitrate_3310,sr_nitrogen_nitrate_plus_nitrite_3310,sr_nitrogen_nitrate_plus_nitrite_3320,sr_nitrogen_nitrate_plus_nitrite_3340,sr_nitrogen_nitrite_3310,sr_nitrogen_nitrite_3320,sr_nitrogen_nitrite_3340,sr_nonafluoro_3_6_dioxaheptanoic_acid_3310,sr_nonylphenol_3310,sr_o_xylene_3310,sr_o_xylene_3340,sr_perfluoro_2_ethoxyethane_sulfonic_acid_3310,sr_perfluoro_3_methoxypropanoic_acid_3310,sr_perfluoro_4_methoxybutanoic_acid_3310,sr_perfluorobutanesulfonic_acid_3310,sr_perfluorobutanoic_acid_3310,sr_perfluorodecanesulfonic_acid_3310,sr_perfluorodecanoic_acid_3310,sr_perfluorododecanesulfonic_acid_3310,sr_perfluorododecanoic_acid_3310,sr_perfluoroheptanesulfonic_acid_3310,sr_perfluoroheptanoic_acid_3310,sr_perfluorohexanesulfonic_acid_3310,sr_perfluorohexanoic_acid_3310,sr_perfluorononanesulfonic_acid_3310,sr_perfluorononanoic_acid_3310,sr_perfluorooctanesulfonamide_3310,sr_perfluorooctanesulfonic_acid_3310,sr_perfluorooctanoic_acid_3310,sr_perfluoropentanesulfonic_acid_3310,sr_perfluoropentanoic_acid_3310,sr_perfluorotetradecanoic_acid_3310,sr_perfluorotridecanoic_acid_3310,sr_perfluoroundecanoic_acid_3310,sr_phosphorus_3340,sr_potassium_3310,sr_potassium_3340,sr_propionitrile_3310,sr_propionitrile_3340,sr_sec_butylbenzene_3310,sr_sec_butylbenzene_3340,sr_selenium_3310,sr_selenium_3340,sr_silver_3310,sr_silver_3340,sr_sodium_3310,sr_sodium_3340,sr_styrene_3310,sr_styrene_3340,sr_sulfate_3310,sr_tert_butyl_alcohol_3310,sr_tert_butyl_alcohol_3340,sr_tert_butylbenzene_3310,sr_tert_butylbenzene_3340,sr_tetrachloroethene_3310,sr_tetrachloroethene_3340,sr_tetrahydrofuran_3310,sr_tetrahydrofuran_3320,sr_tetrahydrofuran_3340,sr_tetrahydrothiophene_3310,sr_thallium_3310,sr_thallium_3340,sr_toluene_3310,sr_toluene_3320,sr_toluene_3340,sr_total_organic_carbon_3310,sr_total_phosphorus_3310,sr_total_phosphorus_3320,sr_total_volatile_suspended_solids_3320,sr_trans_1_2_dichloroethene_3310,sr_trans_1_2_dichloroethene_3320,sr_trans_1_2_dichloroethene_3340,sr_trans_1_3_dichloropropene_3310,sr_trans_1_3_dichloropropene_3340,sr_trans_1_4_dichloro_2_butene_3310,sr_trans_1_4_dichloro_2_butene_3340,sr_trichloroethene_3310,sr_trichloroethene_3340,sr_trichlorofluoromethane_3310,sr_trichlorofluoromethane_3340,sr_vanadium_3310,sr_vanadium_3340,sr_vinyl_acetate_3310,sr_vinyl_acetate_3340,sr_vinyl_chloride_3310,sr_vinyl_chloride_3340,sr_xylenes_total_3310,sr_xylenes_total_3340,sr_zinc_3310,sr_zinc_3340,micro_Nitrospira_D,micro_Unknown,micro_Nitrosocosmicus,micro_Pseudonocardia,micro_Hyphomicrobium_C,micro_Rugosibacter,micro_Burkholderiaceae_A_595421,micro_Hyphococcus,micro_CR02bin9,micro_Nitrospira_A,micro_UBA5704,micro_M3007,micro_JABDJB01,micro_HGW-15,micro_Hyphomicrobiaceae,shannon_mean,richness_mean
2022-06-14,11000.0,2000.0,95.0,99.13636363636364,13.55,6.54,181.6,6.86,6.78,7.08,18.2,19.9,,,,,,,,,,,,,,,230.0,49.0,2.0,50.0,6.5,0.5,,,,,,,,,,,,,,,,,,,7400.0,770.0,8.4,,,,,,,,,,,,,,,,,,,,,,,,,,,,,,,,,,,,,,,,,,,,,,,,,,,,,,,,,,,,,,,,,,,850.0,71.0,0.5,,,,,,,,,,,,,,,,,,,,,,,,,,41.0,4.2,0.5,,,,,,,,,,,,,,,,,,,,,,,,,,,,,,,,,,,,,,,,,,,,,,,,,,,,,,,,,,,,,,,,,,,,,,,,,,,,,,,,,,,,,,,,,,,,,,,,90.0,,,50.0,,,,,,,,,,,,,,,,,,,,,,,,,,,,,,1000.0,,,,,,,,,,,,,,,,,,,,,,22000.0,2300.0,3.5,,,,,,,,,3200.0,,50.0,5.0,0.5,,,,,,,,,,,,,,,,,,,0.2047681418604065,0.1091030452633435,0.095998841339009,0.0458111886350469,0.0382672980529457,0.0146092037983929,0.0147540364222563,0.020843303695121,0.0126445177703332,0.0358492229414876,0.0204969648119694,0.0114984509206317,0.0162653333669177,0.0165235132616306,0.0154970907533815,3.6000720150360204,263.0
2023-02-28,26000.0,2600.0,71.0,99.72692307692309,14.92,7.41,154.9,6.52,6.68,7.06,11.0,20.1,43.0,78.0,,,,,,,,,,,,,420.0,79.0,2.1,100.0,10.0,0.5,,,,,,,,,,,,,,,,,,,7200.0,850.0,3.6,,,,,,,,,,,,,,,,,,,,,,,,,,,,,,,,,,,,,,,,,,,,,,,,,,,,,,,,,,,,,,,,,,,980.0,110.0,0.5,,,,,,,,,,,,,,,,,,,,,,,,,,73.0,10.0,0.5,,,,,,,,,,,,,,,,,,,,,,,,,,,,,,,,,,,,,,,,,,,,,,,,,,,,,,,,,,,,,,,,,,,,,,,,,,,,,,,,,,,,,,,,,,,,,,,,50.0,,,50.0,,,,,,,,,,,,,,,,,,,,,,,,,,,,,,1500.0,,,,,,,,,,,,,,,,,,,,,,27000.0,3300.0,3.5,,,,,,,,,5500.0,,100.0,10.0,0.5,,,,,,,,,,,,,,,,,,,0.227585284448043,0.11146426840428506,0.06795045959695525,0.043831700780408905,0.0350498949267421,0.014861871014563901,0.0163512024473931,0.019956309314181048,0.0178270934111593,0.03187773470776985,0.0156936855409562,0.00940684883467805,0.0163687215090304,0.016031106286744902,0.01394890096483785,3.594187852881399,212.5
2023-10-03,56000.0,2000.0,76.0,99.86428571428571,14.36,5.85,100.8,6.02,6.72,7.17,18.6,20.5,54.0,24.0,,,,,,,,,,,,,58.0,71.0,2.3,50.0,17.0,0.5,,,,,,,,,,,,,,,,,,,50.0,5.0,0.5,,,,,,,,,,,,,,,,,,,,,,,,,,,,,,,,,,,,,,,,,,,,,,,,,,,,,,,,,,,,,,,,,,,1900.0,95.0,0.5,,,,,,,,,,,,,,,,,,,,,,,,,,50.0,5.0,0.5,,,,,,,,,,,,,,,,,,,,,,,,,,,,,,,,,,,,,,,,,,,,,,,,,,,,,,,,,,,,,,,,,,,,,,,,,,,,,,,,,,,,,,,,,,,,,,,,50.0,,,50.0,,,,,,,,,,,,,,,,,,,,,,,,,,,,,,740.0,,,,,,,,,,,,,,,,,,,,,,31000.0,2400.0,3.5,,,,,,,,,2500.0,,50.0,5.0,0.5,,,,,,,,,,,,,,,,,,,0.0659720119433196,0.14823476637149213,0.02630380452583725,0.012145328296799401,0.027948452428890998,0.03864600310008045,0.059978138677626094,0.0453487656278973,0.012203124647959349,0.00534978811106125,0.0164791220480354,0.0204086538655247,0.019780817521090698,0.01396924695792085,0.00956173927416665,4.094724813068552,275.0
2025-01-07,31000.0,1700.0,22.0,99.92903225806452,17.58,7.14,119.9,6.64,6.68,7.07,13.1,19.9,36.0,40.5,,,,,,,,,,,,,50.0,41.0,1.7,50.0,10.0,0.5,,,,,,,,,,,,,,,,,,,50.0,5.0,0.5,,,,,,,,,,,,,,,,,,,,,,,,,,,,,,,,,,,,,,,,,,,,,,,,,,,,,,,,,,,,,,,,,,,950.0,62.0,0.5,,,,,,,,,,,,,,,,,,,,,,,,,,50.0,5.0,0.5,,,,,,,,,,,,,,,,,,,,,,,,,,,,,,,,,,,,,,,,,,,,,,,,,,,,,,,,,,,,,,,,,,,,,,,,,,,,,,,,,,,,,,,,,,,,,,,,100.0,,,50.0,,,,,,,,,,,,,,,,,,,,,,,,,,,,,,780.0,,,,,,,,,,,,,,,,,,,,,,16000.0,1200.0,2.5,,,,,,,,,3200.0,,50.0,5.0,0.5,,,,,,,,,,,,,,,,,,,0.1447377585846625,0.0794037751619419,0.1324092777042557,0.0543985512293654,0.0459009542383506,0.0140697917392212,0.0144877063453367,0.0303684613777251,0.0534930695827819,0.0150449258201574,0.0144180539109841,0.0052239325764435,0.0103782127185345,0.0137215295674583,0.0211743400431845,3.557340709755017,141.0
2025-02-25,41000.0,2200.0,95.0,99.76829268292684,17.86,5.84,106.2,6.59,6.57,7.07,13.2,19.9,130.0,30.5,,,,,,,,,,,,,100.0,43.0,1.7,100.0,7.9,0.5,,,,,,,,,,,,,,,,,,,100.0,5.0,0.5,,,,,,,,,,,,,,,,,,,,,,,,,,,,,,,,,,,,,,,,,,,,,,,,,,,,,,,,,,,,,,,,,,,1000.0,44.0,0.5,,,,,,,,,,,,,,,,,,,,,,,,,,100.0,5.0,0.5,,,,,,,,,,,,,,,,,,,,,,,,,,,,,,,,,,,,,,,,,,,,,,,,,,,,,,,,,,,,,,,,,,,,,,,,,,,,,,,,,,,,,,,,,,,,,,,,100.0,,,50.0,,,,,,,,,,,,,,,,,,,,,,,,,,,,,,960.0,,,,,,,,,,,,,,,,,,,,,,27000.0,1500.0,1.6,,,,,,,,,2200.0,,100.0,5.0,0.5,,,,,,,,,,,,,,,,,,,0.1723230860224823,0.1673818954861329,0.0282208500364957,0.0156848381309821,0.0157965260478065,0.0796527067535381,0.0322414820708915,0.0247324717292167,0.0115275803895299,0.0070417018221143,0.0116972390430472,0.0295514882502618,0.0081117230957749,0.0044510372114987,0.0070175281509396,3.7497411269660974,248.0
2025-04-01,52000.0,2500.0,130.0,99.75,16.59,5.34,146.2,6.55,6.74,7.23,13.6,20.4,119.0,53.0,,,,,,,,,,,,,50.0,42.0,2.9,50.0,9.5,0.5,,,,,,,,,,,,,,,,,,,50.0,5.0,0.5,,,,,,,,,,,,,,,,,,,,,,,,,,,,,,,,,,,,,,,,,,,,,,,,,,,,,,,,,,,,,,,,,,,740.0,44.0,0.5,,,,,,,,,,,,,,,,,,,,,,,,,,50.0,5.0,0.5,,,,,,,,,,,,,,,,,,,,,,,,,,,,,,,,,,,,,,,,,,,,,,,,,,,,,,,,,,,,,,,,,,,,,,,,,,,,,,,,,,,,,,,,,,,,,,,,100.0,,,50.0,,,,,,,,,,,,,,,,,,,,,,,,,,,,,,790.0,,,,,,,,,,,,,,,,,,,,,,22000.0,2100.0,4.3,,,,,,,,,1900.0,,50.0,5.0,0.5,,,,,,,,,,,,,,,,,,,0.1393886513285945,0.1876918240822511,0.0320207636412813,0.007929899820227,0.0097994673114883,0.0674325713500118,0.0470201558144837,0.0190937266967504,0.0177463396941347,0.0065780412578096,0.0101742173065109,0.0404732257385928,0.0082344089727608,0.0103261295814936,0.0041914071597684,3.7743946817612306,274.0
2025-04-29,57000.0,1300.0,170.0,99.70175438596492,17.69,5.16,253.0,6.67,6.54,7.14,13.8,20.9,128.0,37.5,,,,,,,,,,,,,50.0,27.0,1.8,50.0,8.9,0.5,,,,,,,,,,,,,,,,,,,50.0,5.0,0.5,,,,,,,,,,,,,,,,,,,,,,,,,,,,,,,,,,,,,,,,,,,,,,,,,,,,,,,,,,,,,,,,,,,870.0,22.0,0.5,,,,,,,,,,,,,,,,,,,,,,,,,,50.0,5.0,0.5,,,,,,,,,,,,,,,,,,,,,,,,,,,,,,,,,,,,,,,,,,,,,,,,,,,,,,,,,,,,,,,,,,,,,,,,,,,,,,,,,,,,,,,,,,,,,,,,100.0,,,50.0,,,,,,,,,,,,,,,,,,,,,,,,,,,,,,520.0,,,,,,,,,,,,,,,,,,,,,,18000.0,1000.0,3.1,,,,,,,,,1700.0,,50.0,5.0,0.5,,,,,,,,,,,,,,,,,,,0.2107473038877896,0.1388228163830382,0.0505666782777588,0.0270118034572185,0.0246431406090545,0.0297764378607486,0.0229025380544429,0.0193483931599918,0.0227570755044394,0.0216112395279811,0.0168858564189191,0.0168003358297101,0.0111477821273653,0.0123162584518989,0.0132769008118771,3.7483307040803746,284.0
2025-06-24,53000.0,870.0,110.0,99.79245283018868,17.63,5.01,219.0,6.55,6.47,7.09,18.4,20.8,132.0,48.0,,,,,,,,,,,,,31.0,58.0,2.8,50.0,14.0,0.5,,,,,,,,,,,,,,,,,,,50.0,5.0,0.5,,,,,,,,,,,,,,,,,,,,,,,,,,,,,,,,,,,,,,,,,,,,,,,,,,,,,,,,,,,,,,,,,,,1100.0,31.0,0.5,,,,,,,,,,,,,,,,,,,,,,,,,,50.0,5.0,0.5,,,,,,,,,,,,,,,,,,,,,,,,,,,,,,,,,,,,,,,,,,,,,,,,,,,,,,,,,,,,,,,,,,,,,,,,,,,,,,,,,,,,,,,,,,,,,,,,100.0,,,50.0,,,,,,,,,,,,,,,,,,,,,,,,,,,,,,670.0,,,,,,,,,,,,,,,,,,,,,,28000.0,1800.0,2.5,,,,,,,,,1800.0,,50.0,5.0,0.5,,,,,,,,,,,,,,,,,,,0.2283100101772287,0.1301576493152515,0.0592841068312368,0.0457456147058719,0.0363416261777421,0.0194177010414168,0.0164092423217881,0.0213537799330418,0.0155618087438363,0.0268979459118434,0.0202586914775523,0.0108709282204783,0.0141834750568875,0.0160932506697087,0.012638968623242,3.5569519013489224,276.0
2025-07-22,22000.0,1400.0,51.0,99.76818181818182,17.47,4.93,177.8,6.57,6.47,7.11,20.6,21.7,37.0,12.5,,,,,,,,,,,,,50.0,44.0,3.0,50.0,9.9,0.5,,,,,,,,,,,,,,,,,,,50.0,5.0,0.5,,,,,,,,,,,,,,,,,,,,,,,,,,,,,,,,,,,,,,,,,,,,,,,,,,,,,,,,,,,,,,,,,,,1000.0,25.0,0.5,,,,,,,,,,,,,,,,,,,,,,,,,,50.0,5.0,0.5,,,,,,,,,,,,,,,,,,,,,,,,,,,,,,,,,,,,,,,,,,,,,,,,,,,,,,,,,,,,,,,,,,,,,,,,,,,,,,,,,,,,,,,,,,,,,,,,100.0,,,50.0,,,,,,,,,,,,,,,,,,,,,,,,,,,,,,520.0,,,,,,,,,,,,,,,,,,,,,,26000.0,2200.0,2.5,,,,,,,,,1400.0,,50.0,5.0,0.5,,,,,,,,,,,,,,,,,,,0.2113872735739296,0.1151924600190403,0.0712069275888094,0.0402447066201365,0.035404714260546,0.0177701686908357,0.0147544137768377,0.0253980643387523,0.0258211861074433,0.0241449230779979,0.0177625141387207,0.0090224139190001,0.0133400626286863,0.0150165064564184,0.0143296268193457,3.684236015089891,283.0
